Workbook

Sheet POA&M Tracker
A1: Plan of Action & Milestones (POA&M) Tracker
A2: Track every open weakness from identification through closure. Fill in new rows below the examples — do not overwrite the column headers.
A4: POA&M ID | B4: Weakness / Finding Name | C4: Related Control ID | D4: Source / Discovery Method | E4: Weakness Description | F4: Risk Rating | G4: Identified Date | H4: Scheduled Completion Date | I4: Milestone 1 — Description | J4: Milestone 1 — Target Date | K4: Milestone 2 — Description | L4: Milestone 2 — Target Date | M4: Responsible Party / POC | N4: Resources Required | O4: Status | P4: Status Date | Q4: Actual Completion Date | R4: Days Open | S4: Overdue? | T4: Comments / Notes
A5: POAM-2026-001 | B5: Multi-factor authentication not enforced for all privileged accounts | C5: IA-2 | D5: Vulnerability Scan | E5: Scan results show 6 of 14 privileged accounts can authenticate with password only; MFA is configured but not mandatory at the policy level. | F5: High | G5: 2026-04-02 | H5: 2026-07-15 | I5: Update IdP policy to require MFA for all privileged roles | J5: 2026-05-15 | K5: Re-scan and confirm 100% privileged-account MFA enforcement | L5: 2026-07-10 | M5: J. Alvarez, ISSO | N5: IdP admin access; 4 hours of change-window time | O5: Ongoing | P5: 2026-06-01 | R5: =IF(O5="Completed",Q5-G5,TODAY()-G5) -> 67 | S5: =IF(AND(O5<>"Completed",TODAY()>H5),"Yes","No") -> No | T5: Vendor confirmed policy change is low-risk; scheduled for next maintenance window.
A6: POAM-2026-002 | B6: Audit logs retained for 90 days instead of the required 12 months | C6: AU-2 | D6: Self-Identified | E6: SIEM storage tier was sized for 90-day retention; AU-1 policy commits to a 12-month retention period. | F6: Moderate | G6: 2026-03-18 | H6: 2026-09-30 | I6: Procure additional log-storage capacity | J6: 2026-06-30 | K6: Migrate historical logs and validate 12-month retention in SIEM | L6: 2026-09-15 | M6: T. Nguyen, System Admin | N6: Storage budget approval; SIEM admin time | O6: Open | P6: 2026-06-01 | R6: =IF(O6="Completed",Q6-G6,TODAY()-G6) -> 82 | S6: =IF(AND(O6<>"Completed",TODAY()>H6),"Yes","No") -> No | T6: Budget request submitted 2026-05-20; awaiting approval from finance.
A7: POAM-2026-003 | B7: Quarterly access reviews not consistently documented | C7: AC-2 | D7: Internal Assessment | E7: Two of the last four quarterly account reviews have no signed documentation on file, though informal reviews appear to have occurred. | F7: Low | G7: 2026-02-10 | H7: 2026-05-01 | I7: Stand up a documented review template and tracking log | J7: 2026-03-01 | K7: Complete and file Q2 2026 review using new template | L7: 2026-04-30 | M7: M. Okafor, ISSO | N7: None — process change only | O7: Completed | P7: 2026-04-28 | Q7: 2026-04-28 | R7: =IF(O7="Completed",Q7-G7,TODAY()-G7) -> 77 | S7: =IF(AND(O7<>"Completed",TODAY()>H7),"Yes","No") -> No | T7: Closed; new review template now in use and filed in the data layer each quarter.
A8: POAM-2026-004 | B8: Backup restoration has not been tested in the last 12 months | C8: CP-9 | D8: Security Assessment | E8: Backup jobs run nightly and complete successfully, but no test restore has been performed or documented since the last assessment cycle. | F8: Moderate | G8: 2026-05-05 | H8: 2026-08-01 | I8: Schedule and execute a full test restore in the staging environment | J8: 2026-07-01 | K8: Document results and update the Contingency Plan with findings | L8: 2026-07-25 | M8: T. Nguyen, System Admin | N8: Staging environment access; 1 day of downtime in staging | O8: Open | P8: 2026-06-01 | R8: =IF(O8="Completed",Q8-G8,TODAY()-G8) -> 34 | S8: =IF(AND(O8<>"Completed",TODAY()>H8),"Yes","No") -> No
A9: POAM-2026-005 | B9: Legacy TLS 1.0 fallback still enabled on the public-facing interface | C9: SC-7 | D9: Vulnerability Scan | E9: External scan flagged that the load balancer still accepts TLS 1.0/1.1 connections as a fallback for a small number of legacy client integrations. | F9: Critical | G9: 2026-05-22 | H9: 2026-06-20 | I9: Identify and notify the remaining legacy clients of the cutover date | J9: 2026-06-05 | K9: Disable TLS 1.0/1.1 and confirm via external re-scan | L9: 2026-06-18 | M9: J. Alvarez, ISSO | N9: Coordination with 2 external partner contacts; change-control approval | O9: Ongoing | P9: 2026-06-01 | R9: =IF(O9="Completed",Q9-G9,TODAY()-G9) -> 17 | S9: =IF(AND(O9<>"Completed",TODAY()>H9),"Yes","No") -> No | T9: Risk-accepted on an interim basis by the AO through 2026-06-20 only; documented in risk register.
R10: =IF(O10="Completed",Q10-G10,IF(G10="","",TODAY()-G10)) | S10: =IF(AND(O10<>"Completed",O10<>"",H10<>"",TODAY()>H10),"Yes","No") -> No
R11: =IF(O11="Completed",Q11-G11,IF(G11="","",TODAY()-G11)) | S11: =IF(AND(O11<>"Completed",O11<>"",H11<>"",TODAY()>H11),"Yes","No") -> No
R12: =IF(O12="Completed",Q12-G12,IF(G12="","",TODAY()-G12)) | S12: =IF(AND(O12<>"Completed",O12<>"",H12<>"",TODAY()>H12),"Yes","No") -> No
R13: =IF(O13="Completed",Q13-G13,IF(G13="","",TODAY()-G13)) | S13: =IF(AND(O13<>"Completed",O13<>"",H13<>"",TODAY()>H13),"Yes","No") -> No
R14: =IF(O14="Completed",Q14-G14,IF(G14="","",TODAY()-G14)) | S14: =IF(AND(O14<>"Completed",O14<>"",H14<>"",TODAY()>H14),"Yes","No") -> No
R15: =IF(O15="Completed",Q15-G15,IF(G15="","",TODAY()-G15)) | S15: =IF(AND(O15<>"Completed",O15<>"",H15<>"",TODAY()>H15),"Yes","No") -> No
R16: =IF(O16="Completed",Q16-G16,IF(G16="","",TODAY()-G16)) | S16: =IF(AND(O16<>"Completed",O16<>"",H16<>"",TODAY()>H16),"Yes","No") -> No
R17: =IF(O17="Completed",Q17-G17,IF(G17="","",TODAY()-G17)) | S17: =IF(AND(O17<>"Completed",O17<>"",H17<>"",TODAY()>H17),"Yes","No") -> No
R18: =IF(O18="Completed",Q18-G18,IF(G18="","",TODAY()-G18)) | S18: =IF(AND(O18<>"Completed",O18<>"",H18<>"",TODAY()>H18),"Yes","No") -> No
R19: =IF(O19="Completed",Q19-G19,IF(G19="","",TODAY()-G19)) | S19: =IF(AND(O19<>"Completed",O19<>"",H19<>"",TODAY()>H19),"Yes","No") -> No
R20: =IF(O20="Completed",Q20-G20,IF(G20="","",TODAY()-G20)) | S20: =IF(AND(O20<>"Completed",O20<>"",H20<>"",TODAY()>H20),"Yes","No") -> No
R21: =IF(O21="Completed",Q21-G21,IF(G21="","",TODAY()-G21)) | S21: =IF(AND(O21<>"Completed",O21<>"",H21<>"",TODAY()>H21),"Yes","No") -> No
... R34: =IF(O34="Completed",Q34-G34,IF(G34="","",TODAY()-G34)) | S34: =IF(AND(O34<>"Completed",O34<>"",H34<>"",TODAY()>H34),"Yes","No") -> No

Sheet Summary Dashboard
A1: POA&M Summary Dashboard
A2: All figures below recalculate automatically from the POA&M Tracker sheet.
A4: By Status | D4: By Risk Rating
A5: Status | B5: Count | D5: Risk Rating | E5: Count
A6: Open | B6: =COUNTIF('POA&M Tracker'!$O$5:$O$34,"Open") -> 2 | D6: Critical | E6: =COUNTIF('POA&M Tracker'!$F$5:$F$34,"Critical") -> 1
A7: Ongoing | B7: =COUNTIF('POA&M Tracker'!$O$5:$O$34,"Ongoing") -> 2 | D7: High | E7: =COUNTIF('POA&M Tracker'!$F$5:$F$34,"High") -> 1
A8: Completed | B8: =COUNTIF('POA&M Tracker'!$O$5:$O$34,"Completed") -> 1 | D8: Moderate | E8: =COUNTIF('POA&M Tracker'!$F$5:$F$34,"Moderate") -> 2
A9: Delayed | B9: =COUNTIF('POA&M Tracker'!$O$5:$O$34,"Delayed") -> 0 | D9: Low | E9: =COUNTIF('POA&M Tracker'!$F$5:$F$34,"Low") -> 1
A10: Risk Accepted | B10: =COUNTIF('POA&M Tracker'!$O$5:$O$34,"Risk Accepted") -> 0
A11: Total tracked items | B11: =COUNTA('POA&M Tracker'!$A$5:$A$34) -> 5
A14: Overdue Items
A15: Overdue? | B15: Count
A16: Yes — past scheduled completion date | B16: =COUNTIF('POA&M Tracker'!$S$5:$S$34,"Yes") -> 0
A17: No — on track or closed | B17: =COUNTIF('POA&M Tracker'!$S$5:$S$34,"No") -> 30

Sheet Field Guide
A1: POA&M Tracker — Field Guide
A2: What each column means and how to fill it in.
A4: Column | B4: How to fill it in
A5: POA&M ID | B5: A unique tracking number for the weakness, e.g. POAM-YYYY-### . Keep numbering sequential within the year so items are easy to reference in conversation and in eMASS.
A6: Weakness / Finding Name | B6: A short, specific name for the weakness — specific enough that someone scanning the list knows what it is without opening the row.
A7: Related Control ID | B7: The NIST SP 800-53 control ID this weakness maps to, e.g. AC-2 or SC-7. Use the Control Implementation Statement Library to cross-reference what "right" looks like for that control.
A8: Source / Discovery Method | B8: How the weakness was found: Vulnerability Scan, Security Assessment, Internal Assessment, Audit, Self-Identified, or Incident.
A9: Weakness Description | B9: Plain-language description of the actual gap — specific enough that a new ISSO inheriting this system understands the issue without asking.
A10: Risk Rating | B10: Low, Moderate, High, or Critical. Pick this from the dropdown — it drives the color coding and the dashboard counts.
A11: Identified Date | B11: The date the weakness was first identified (yyyy-mm-dd). This is the anchor date for the Days Open calculation.
A12: Scheduled Completion Date | B12: The date remediation is planned to be complete. This is the anchor date for the Overdue flag — keep it realistic, not aspirational.
A13: Milestone 1 / Milestone 2 — Description & Target Date | B13: Break remediation into concrete, checkable steps with their own target dates. Add more milestone column pairs if a weakness needs more than two.
A14: Responsible Party / POC | B14: The specific person accountable for closing this item — name and role, not just a team name.
A15: Resources Required | B15: What it will actually take to close this — budget, tools, access, staff time, vendor coordination.
... A21: Comments / Notes | B21: Anything a future reader needs to know — interim risk acceptances, blockers, vendor responses, links to evidence in the data layer.
A23: Working tips
A24: • Update Status Date every time you touch a row — a stale status is one of the first things assessors flag.
A25: • Never delete a closed item. Move it down or filter it out — your closure history is evidence of a working program.
A26: • Keep the Risk Rating honest. Inflated or deflated ratings undermine trust in the whole POA&M when an assessor spot-checks them.
A27: • Cross-reference the Related Control ID against the Control Implementation Statement Library to write a tighter, more specific Weakness Description.
A28: • Re-run the Summary Dashboard before any review meeting — it recalculates instantly and gives you talking points without manual counting.
